Feature,Importance
UAE_GDP_Growth,0.02401992273379879
Oil_Price_USD,0.03489474772304803
Inflation_Rate_UAE,0.0639236015341741
US_Fed_Funds_Rate,0.24860645403243667
Credit_Growth,0.6285552739765424
