Model,R2,MAE,RMSE
OLS Regression,0.56785481424269,3.6029127829381395,4.217651795129409
Random Forest,0.4342909197395468,4.040009286068009,4.8256126380897495
