Feature,Coefficient,Std Error,p-value
Intercept,-1.8261176466896956,14.431409917769503,0.9000516592546863
Oil_Price_USD,0.2794748316724567,0.3685166700688786,0.45345006277379496
UAE_GDP_Growth,-0.7815970146541877,1.0659000570315391,0.4684172808236754
US_Fed_Funds_Rate,1.135963992215208,0.8465825010496008,0.18854656968045025
Inflation_Rate_UAE,-2.1747888351173934,3.143976973577247,0.49380267517843557
Credit_Growth,0.42122889951074316,0.08856472732734393,3.549136164746272e-05
